db_name,full_path,age,gender,ageGrp
wiki_crop,45/10013345_1956-05-26_1969.jpg,13,1.0,12
wiki_crop,79/10055379_1992-09-28_2010.jpg,18,1.0,12
wiki_crop,65/20024365_1990-07-29_2008.jpg,18,0.0,12
wiki_crop,48/30093048_1994-07-09_2012.jpg,18,1.0,12
wiki_crop,92/40093192_1996-08-02_2014.jpg,18,0.0,12
wiki_crop,01/2109701_1972-05-09_1987.jpg,15,0.0,12
wiki_crop,88/21097888_1992-03-29_2009.jpg,17,1.0,12
wiki_crop,45/31000245_1993-10-09_2011.jpg,18,1.0,12
wiki_crop,84/3101284_1989-01-25_2007.jpg,18,0.0,12
wiki_crop,69/31038769_1963-04-12_1980.jpg,17,0.0,12
wiki_crop,45/31060845_1993-05-01_2011.jpg,18,1.0,12
wiki_crop,16/31065216_1994-12-15_2011.jpg,17,1.0,12
wiki_crop,74/31088374_1994-11-22_2012.jpg,18,1.0,12
wiki_crop,62/41068562_1994-05-06_2012.jpg,18,1.0,12
wiki_crop,84/41093284_1996-04-14_2012.jpg,16,1.0,12
wiki_crop,19/610819_1966-02-07_1982.jpg,16,0.0,12
wiki_crop,88/12016388_1995-02-10_2013.jpg,18,0.0,12
wiki_crop,45/1201745_1943-08-27_1960.jpg,17,0.0,12
wiki_crop,84/22084884_1995-07-12_2012.jpg,17,0.0,12
wiki_crop,06/32056806_2000-06-01_2015.jpg,15,0.0,12
wiki_crop,83/32078883_1993-05-28_2010.jpg,17,1.0,12
wiki_crop,07/42000607_1994-07-05_2012.jpg,18,1.0,12
wiki_crop,92/42004292_1996-07-13_2014.jpg,18,0.0,12
wiki_crop,65/42028665_1995-08-06_2012.jpg,17,0.0,12
wiki_crop,57/42059957_1996-07-08_2014.jpg,18,1.0,12
wiki_crop,42/42094442_1996-08-17_2014.jpg,18,1.0,12
wiki_crop,17/5201317_1936-01-06_1954.jpg,18,0.0,12
wiki_crop,88/13089988_1962-12-23_1977.jpg,15,0.0,12
wiki_crop,89/33012989_1991-10-16_2009.jpg,18,1.0,12
wiki_crop,45/33064045_1993-08-01_2011.jpg,18,0.0,12
wiki_crop,74/33073374_1998-02-10_2008.jpg,10,0.0,9
wiki_crop,20/43004120_1996-04-27_2014.jpg,18,1.0,12
wiki_crop,96/43004196_1996-06-20_2014.jpg,18,1.0,12
wiki_crop,63/43013663_1996-03-15_2014.jpg,18,1.0,12
wiki_crop,44/43020544_1996-02-07_2014.jpg,18,1.0,12
wiki_crop,93/43025893_1996-03-13_2014.jpg,18,1.0,12
wiki_crop,76/43028676_1996-02-14_2014.jpg,18,1.0,12
wiki_crop,47/43030347_1999-05-22_2014.jpg,15,0.0,12
wiki_crop,15/430315_1941-07-25_1954.jpg,13,1.0,12
wiki_crop,34/43068734_2002-10-29_2015.jpg,13,0.0,12
wiki_crop,54/43078354_1998-04-12_2013.jpg,15,0.0,12
wiki_crop,05/43096205_1996-01-24_2014.jpg,18,1.0,12
wiki_crop,46/14009046_1990-05-27_2007.jpg,17,1.0,12
wiki_crop,62/24029562_1993-03-05_2009.jpg,16,0.0,12
wiki_crop,34/2408334_1924-07-31_1942.jpg,18,0.0,12
wiki_crop,22/2408622_1946-12-04_1956.jpg,10,0.0,9
wiki_crop,74/34003874_1994-08-29_2012.jpg,18,0.0,12
wiki_crop,62/34012762_1999-07-09_2012.jpg,13,0.0,12
wiki_crop,33/34096333_1994-04-13_2012.jpg,18,1.0,12
wiki_crop,90/44044890_2000-05-10_2014.jpg,14,0.0,12
wiki_crop,01/6401401_1953-05-21_1968.jpg,15,1.0,12
wiki_crop,37/9400837_1998-02-05_2012.jpg,14,0.0,12
wiki_crop,07/15061407_1998-04-06_2013.jpg,15,0.0,12
wiki_crop,93/2501093_1955-12-23_1968.jpg,13,1.0,12
wiki_crop,38/450338_1948-10-22_1965.jpg,17,0.0,12
wiki_crop,80/650080_1987-08-08_2005.jpg,18,0.0,12
wiki_crop,39/75039_1969-04-23_1987.jpg,18,0.0,12
wiki_crop,04/16028104_1999-03-16_2007.jpg,8,0.0,7
wiki_crop,78/26079878_1996-04-02_2009.jpg,13,0.0,12
wiki_crop,44/3608944_1947-12-12_1964.jpg,17,0.0,12
wiki_crop,16/460516_1923-10-16_1940.jpg,17,0.0,12
wiki_crop,14/170514_1963-03-06_1970.jpg,7,0.0,6
wiki_crop,15/170515_1960-04-14_1968.jpg,8,1.0,7
wiki_crop,17/170517_1952-12-10_1970.jpg,18,0.0,12
wiki_crop,19/170519_1961-05-22_1970.jpg,9,1.0,8
wiki_crop,10/27015310_1996-04-22_2010.jpg,14,0.0,12
wiki_crop,10/27075510_1993-04-02_2010.jpg,17,1.0,12
wiki_crop,16/37008416_1996-03-20_2013.jpg,17,0.0,12
wiki_crop,66/37022366_1948-08-14_1966.jpg,18,0.0,12
wiki_crop,74/37028474_1923-01-25_1940.jpg,17,1.0,12
wiki_crop,80/37053880_1994-12-12_2012.jpg,18,1.0,12
wiki_crop,91/37079091_1996-05-19_2013.jpg,17,0.0,12
wiki_crop,24/47023424_1996-07-28_2013.jpg,17,0.0,12
wiki_crop,36/47035636_1995-01-21_2013.jpg,18,1.0,12
wiki_crop,70/6708470_1992-11-15_2009.jpg,17,0.0,12
wiki_crop,25/28006425_1993-09-28_2011.jpg,18,0.0,12
wiki_crop,17/2801717_1989-10-18_2007.jpg,18,0.0,12
wiki_crop,31/38030731_1995-02-18_2013.jpg,18,1.0,12
wiki_crop,87/380387_2003-11-08_2013.jpg,10,0.0,9
wiki_crop,33/6802033_1964-01-13_1965.jpg,1,1.0,0
wiki_crop,19/19019019_1989-04-25_2006.jpg,17,0.0,12
wiki_crop,52/19084452_1992-01-19_2008.jpg,16,0.0,12
wiki_crop,75/29012475_2000-11-10_2015.jpg,15,0.0,12
wiki_crop,13/29075713_1991-05-22_2009.jpg,18,1.0,12
wiki_crop,06/39050706_1996-03-24_2014.jpg,18,1.0,12
wiki_crop,42/39088842_1998-10-29_2015.jpg,17,0.0,12
wiki_crop,97/10110097_1997-04-15_2015.jpg,18,0.0,12
wiki_crop,58/20139958_1985-05-08_2000.jpg,15,0.0,12
wiki_crop,85/20183285_1993-04-25_2011.jpg,18,0.0,12
wiki_crop,32/40122632_1997-05-12_2014.jpg,17,0.0,12
wiki_crop,29/40158329_1998-12-01_2013.jpg,15,0.0,12
wiki_crop,07/401607_1936-11-27_1950.jpg,14,0.0,12
wiki_crop,90/40169590_1996-02-11_2014.jpg,18,1.0,12
wiki_crop,61/8019761_1946-03-29_1964.jpg,18,1.0,12
wiki_crop,87/11119487_1991-05-17_2009.jpg,18,1.0,12
wiki_crop,03/11157203_1989-01-06_2006.jpg,17,1.0,12
wiki_crop,87/11178187_1996-03-18_2012.jpg,16,0.0,12
wiki_crop,10/21197710_1991-01-02_2009.jpg,18,1.0,12
wiki_crop,62/31163162_1992-05-24_2010.jpg,18,1.0,12
wiki_crop,49/41180849_1995-08-11_2013.jpg,18,0.0,12
wiki_crop,53/12103353_1952-08-04_1960.jpg,8,1.0,7
wiki_crop,25/1214425_1930-04-03_1942.jpg,12,1.0,11
wiki_crop,40/12162640_1963-09-27_1978.jpg,15,0.0,12
wiki_crop,74/32121874_1991-06-24_2009.jpg,18,0.0,12
wiki_crop,90/32179690_1993-04-22_2011.jpg,18,0.0,12
wiki_crop,99/42152999_2000-12-12_2015.jpg,15,0.0,12
wiki_crop,36/42198936_1998-08-08_2014.jpg,16,1.0,12
wiki_crop,50/6214850_1990-12-23_2008.jpg,18,0.0,12
wiki_crop,27/921527_1987-12-31_2005.jpg,18,0.0,12
wiki_crop,74/921974_1962-05-28_1969.jpg,7,1.0,6
wiki_crop,15/13104815_1944-12-13_1960.jpg,16,0.0,12
wiki_crop,27/13138327_1996-01-26_2009.jpg,13,1.0,12
wiki_crop,75/13187875_1992-02-27_2009.jpg,17,1.0,12
wiki_crop,16/13199916_1992-02-11_2009.jpg,17,1.0,12
wiki_crop,84/23172584_1997-11-17_2008.jpg,11,1.0,10
wiki_crop,15/33119015_1993-02-11_2009.jpg,16,1.0,12
wiki_crop,14/33126214_1994-03-18_2012.jpg,18,1.0,12
wiki_crop,84/33130384_1995-12-31_2012.jpg,17,0.0,12
wiki_crop,42/33134942_1995-07-22_2012.jpg,17,0.0,12
wiki_crop,97/33190297_1996-04-12_2011.jpg,15,0.0,12
wiki_crop,88/43157888_1998-08-17_2014.jpg,16,0.0,12
wiki_crop,19/14136419_1997-11-01_2013.jpg,16,1.0,12
wiki_crop,19/2413019_1965-06-24_1977.jpg,12,0.0,11
wiki_crop,47/24149847_1996-04-21_2013.jpg,17,0.0,12
wiki_crop,77/24171777_1992-08-20_2009.jpg,17,1.0,12
wiki_crop,02/34142502_2000-05-30_2014.jpg,14,1.0,12
wiki_crop,39/34145939_1995-11-01_2012.jpg,17,1.0,12
wiki_crop,05/44114105_1998-03-16_2015.jpg,17,1.0,12
wiki_crop,77/44148277_1996-06-21_2014.jpg,18,1.0,12
wiki_crop,36/5410436_1972-03-20_1990.jpg,18,0.0,12
wiki_crop,54/15100454_1933-07-03_1940.jpg,7,1.0,6
wiki_crop,57/15120257_1991-03-15_2006.jpg,15,0.0,12
wiki_crop,62/15147462_1943-12-28_1955.jpg,12,1.0,11
wiki_crop,18/35116518_1968-01-14_1982.jpg,14,1.0,12
wiki_crop,82/45185782_1995-11-16_2012.jpg,17,1.0,12
wiki_crop,44/9515044_1989-09-10_2007.jpg,18,1.0,12
wiki_crop,70/16172170_2000-11-20_2012.jpg,12,0.0,11
wiki_crop,36/26111036_1992-04-01_2010.jpg,18,0.0,12
wiki_crop,01/3613301_1923-10-10_1940.jpg,17,1.0,12
wiki_crop,19/3617519_1985-10-23_2000.jpg,15,0.0,12
wiki_crop,33/3617833_1947-08-03_1960.jpg,13,0.0,12
wiki_crop,58/36193058_1996-02-08_2013.jpg,17,0.0,12
wiki_crop,48/5614048_1941-04-08_1956.jpg,15,0.0,12
wiki_crop,61/5618961_1995-02-08_2010.jpg,15,0.0,12
wiki_crop,40/6615540_1955-01-22_1970.jpg,15,0.0,12
wiki_crop,55/7611955_1970-04-18_1988.jpg,18,0.0,12
wiki_crop,62/171162_1987-04-10_2005.jpg,18,0.0,12
wiki_crop,87/27178387_1989-04-04_2006.jpg,17,0.0,12
wiki_crop,47/37101147_1994-11-04_2012.jpg,18,1.0,12
wiki_crop,37/37104937_1995-02-13_2013.jpg,18,1.0,12
wiki_crop,80/37110180_1995-01-20_2013.jpg,18,1.0,12
wiki_crop,19/47127919_1998-12-16_2014.jpg,16,1.0,12
wiki_crop,66/18109166_1997-12-16_2015.jpg,18,0.0,12
wiki_crop,58/28138758_1994-05-25_2012.jpg,18,0.0,12
wiki_crop,27/29139427_1996-07-30_2010.jpg,14,0.0,12
wiki_crop,92/29152592_1992-07-30_2010.jpg,18,1.0,12
wiki_crop,46/2915346_2005-10-15_2011.jpg,6,1.0,5
wiki_crop,66/39172466_1995-10-17_2013.jpg,18,1.0,12
wiki_crop,41/39192741_1998-01-26_2014.jpg,16,0.0,12
wiki_crop,68/791668_1925-03-07_1943.jpg,18,1.0,12
wiki_crop,43/20232343_1993-01-09_2009.jpg,16,0.0,12
wiki_crop,90/3021490_1964-09-19_1971.jpg,7,0.0,6
wiki_crop,95/302895_1988-10-06_2003.jpg,15,0.0,12
wiki_crop,35/40267035_2004-06-17_2011.jpg,7,1.0,6
wiki_crop,08/40270508_1994-07-05_2012.jpg,18,0.0,12
wiki_crop,11/802011_1959-11-10_1975.jpg,16,0.0,12
wiki_crop,34/11216534_1970-03-08_1988.jpg,18,1.0,12
wiki_crop,89/21243289_1961-02-23_1970.jpg,9,1.0,8
wiki_crop,96/21259396_1991-01-24_2009.jpg,18,1.0,12
wiki_crop,44/31226044_1949-09-09_1966.jpg,17,1.0,12
wiki_crop,42/31242942_1992-01-29_2009.jpg,17,1.0,12
wiki_crop,43/31265743_1997-06-21_2014.jpg,17,0.0,12
wiki_crop,58/41202858_1934-06-12_1952.jpg,18,0.0,12
wiki_crop,52/41262652_2000-08-16_2013.jpg,13,0.0,12
wiki_crop,51/41285951_1995-01-27_2012.jpg,17,1.0,12
wiki_crop,11/22280011_1926-09-11_1940.jpg,14,1.0,12
wiki_crop,20/22293420_1996-12-06_2011.jpg,15,0.0,12
wiki_crop,53/3227153_1992-10-22_2009.jpg,17,0.0,12
wiki_crop,94/32296594_1996-04-24_2013.jpg,17,0.0,12
wiki_crop,73/13274573_1952-11-16_1970.jpg,18,0.0,12
wiki_crop,50/33249050_1993-01-20_2009.jpg,16,1.0,12
wiki_crop,10/33264010_1996-12-21_2014.jpg,18,0.0,12
wiki_crop,30/33270330_1992-10-02_2010.jpg,18,0.0,12
wiki_crop,50/33276850_1984-03-29_2000.jpg,16,0.0,12
wiki_crop,30/33276930_1984-08-31_2000.jpg,16,1.0,12
wiki_crop,37/43278237_1997-01-21_2015.jpg,18,1.0,12
wiki_crop,24/8324324_1990-01-10_2008.jpg,18,0.0,12
wiki_crop,94/14230494_1946-07-14_1956.jpg,10,1.0,9
wiki_crop,83/14242083_1990-01-23_2008.jpg,18,0.0,12
wiki_crop,38/2423138_1946-08-01_1956.jpg,10,0.0,9
wiki_crop,04/24237604_1992-12-20_2010.jpg,18,0.0,12
wiki_crop,23/34214923_1993-08-08_2010.jpg,17,1.0,12
wiki_crop,20/34237120_1993-01-11_2011.jpg,18,1.0,12
wiki_crop,35/44205535_2001-09-30_2012.jpg,11,0.0,10
wiki_crop,41/44238741_1996-04-10_2013.jpg,17,1.0,12
wiki_crop,53/94253_1976-03-30_1993.jpg,17,1.0,12
wiki_crop,25/15222625_1942-09-29_1953.jpg,11,0.0,10
wiki_crop,22/15247522_1984-06-26_2002.jpg,18,0.0,12
wiki_crop,03/25242403_1997-07-31_2013.jpg,16,0.0,12
wiki_crop,62/25276462_1992-12-09_2010.jpg,18,1.0,12
wiki_crop,20/35216920_1962-05-20_1975.jpg,13,0.0,12
wiki_crop,32/3521832_1934-06-07_1950.jpg,16,1.0,12
wiki_crop,14/35271314_2001-02-19_2015.jpg,14,1.0,12
wiki_crop,21/3527621_1947-07-05_1963.jpg,16,0.0,12
wiki_crop,37/45263337_1998-06-02_2014.jpg,16,0.0,12
wiki_crop,86/4528686_1963-01-11_1979.jpg,16,0.0,12
wiki_crop,63/45299563_1995-06-25_2013.jpg,18,1.0,12
wiki_crop,04/8526404_1959-11-20_1977.jpg,18,0.0,12
wiki_crop,26/8528926_1958-06-16_1974.jpg,16,0.0,12
wiki_crop,65/16215465_1993-01-04_2010.jpg,17,1.0,12
wiki_crop,35/16226235_1989-05-19_2007.jpg,18,0.0,12
wiki_crop,43/26260043_1996-12-11_2011.jpg,15,0.0,12
wiki_crop,58/26264658_1927-11-05_1944.jpg,17,1.0,12
wiki_crop,95/36208595_1955-11-20_1970.jpg,15,0.0,12
wiki_crop,04/36216604_1997-03-20_2010.jpg,13,1.0,12
wiki_crop,45/36280545_1952-06-04_1966.jpg,14,0.0,12
wiki_crop,94/36291194_1939-10-06_1957.jpg,18,1.0,12
wiki_crop,47/46238047_1993-01-22_2011.jpg,18,1.0,12
wiki_crop,56/7621256_1973-10-09_1989.jpg,16,0.0,12
wiki_crop,17/172017_1990-03-23_2008.jpg,18,0.0,12
wiki_crop,77/1723677_1967-03-18_1984.jpg,17,1.0,12
wiki_crop,84/17237884_1959-06-17_1973.jpg,14,0.0,12
wiki_crop,87/17263887_1935-08-17_1952.jpg,17,0.0,12
wiki_crop,05/27217905_1991-03-12_2008.jpg,17,1.0,12
wiki_crop,94/27287594_1992-02-07_2010.jpg,18,0.0,12
wiki_crop,27/27292627_1993-09-01_2011.jpg,18,1.0,12
wiki_crop,47/37258947_1996-06-18_2013.jpg,17,1.0,12
wiki_crop,49/37286449_1992-04-02_2005.jpg,13,0.0,12
wiki_crop,63/47203263_1997-08-28_2013.jpg,16,1.0,12
wiki_crop,88/4723688_1978-12-11_1989.jpg,11,0.0,10
wiki_crop,39/47277139_1995-03-08_2013.jpg,18,0.0,12
wiki_crop,92/7721992_1947-10-06_1964.jpg,17,1.0,12
wiki_crop,07/18288707_1994-01-21_2012.jpg,18,0.0,12
wiki_crop,00/28284200_1993-01-04_2011.jpg,18,1.0,12
wiki_crop,10/38242110_1997-12-27_2015.jpg,18,0.0,12
wiki_crop,70/5822970_1964-03-05_1981.jpg,17,1.0,12
wiki_crop,29/2925929_1998-08-19_2012.jpg,14,0.0,12
wiki_crop,75/39206675_1951-02-21_1964.jpg,13,1.0,12
wiki_crop,61/39209161_1996-11-11_2013.jpg,17,1.0,12
wiki_crop,82/39237482_1990-05-14_2007.jpg,17,1.0,12
wiki_crop,45/6927345_1989-07-21_2007.jpg,18,1.0,12
wiki_crop,51/10363551_1952-09-25_1965.jpg,13,1.0,12
wiki_crop,87/30315887_1995-09-01_2013.jpg,18,1.0,12
wiki_crop,78/40307178_1999-01-25_2013.jpg,14,1.0,12
wiki_crop,35/40331035_1996-09-28_2014.jpg,18,1.0,12
wiki_crop,48/40352548_1995-05-17_2012.jpg,17,1.0,12
wiki_crop,57/40367557_1994-06-03_2012.jpg,18,0.0,12
wiki_crop,41/40380141_1995-11-27_2013.jpg,18,1.0,12
wiki_crop,37/6030537_1944-11-14_1962.jpg,18,1.0,12
wiki_crop,32/1134432_1993-01-26_2011.jpg,18,1.0,12
wiki_crop,59/21302959_1933-07-17_1949.jpg,16,0.0,12
wiki_crop,91/21329291_1994-02-16_2012.jpg,18,1.0,12
wiki_crop,82/41301982_1997-07-01_2012.jpg,15,1.0,12
wiki_crop,65/41306365_1992-03-04_2009.jpg,17,1.0,12
wiki_crop,76/41328676_1996-01-12_2014.jpg,18,0.0,12
wiki_crop,50/22354750_1998-12-17_2010.jpg,12,1.0,11
wiki_crop,61/32334661_1948-03-11_1966.jpg,18,0.0,12
wiki_crop,71/42329371_1991-06-03_2009.jpg,18,1.0,12
wiki_crop,36/42350936_1995-05-20_2013.jpg,18,1.0,12
wiki_crop,95/42366495_1996-01-22_2014.jpg,18,1.0,12
wiki_crop,31/42376031_1998-02-10_2013.jpg,15,1.0,12
wiki_crop,11/13386311_1993-09-10_2007.jpg,14,0.0,12
wiki_crop,71/23399171_1991-05-22_2009.jpg,18,1.0,12
wiki_crop,31/43364731_1997-11-13_2014.jpg,17,1.0,12
wiki_crop,17/43384917_1995-03-21_2013.jpg,18,1.0,12
wiki_crop,27/43397627_2001-05-24_2015.jpg,14,1.0,12
wiki_crop,45/5334545_1984-03-30_2001.jpg,17,0.0,12
wiki_crop,64/14322664_1995-02-22_2012.jpg,17,1.0,12
wiki_crop,79/2432279_1939-03-05_1957.jpg,18,1.0,12
wiki_crop,28/24381128_1999-05-09_2009.jpg,10,0.0,9
wiki_crop,45/34300045_1981-04-26_1999.jpg,18,0.0,12
wiki_crop,27/34335227_1995-05-26_2013.jpg,18,1.0,12
wiki_crop,76/34382776_1991-07-07_2009.jpg,18,0.0,12
wiki_crop,69/44348869_1991-01-01_2009.jpg,18,0.0,12
wiki_crop,32/5431732_1978-12-21_1996.jpg,18,1.0,12
wiki_crop,83/1530083_1959-02-04_1972.jpg,13,0.0,12
wiki_crop,48/2532648_1966-12-08_1977.jpg,11,1.0,10
wiki_crop,71/2537171_1989-02-21_2007.jpg,18,0.0,12
wiki_crop,15/3531615_1994-10-09_2011.jpg,17,0.0,12
wiki_crop,00/35360200_1996-11-01_2012.jpg,16,0.0,12
wiki_crop,08/4536808_1963-02-10_1980.jpg,17,1.0,12
wiki_crop,33/553033_1989-03-05_2007.jpg,18,1.0,12
wiki_crop,07/16334407_1962-04-17_1978.jpg,16,0.0,12
wiki_crop,77/16354277_1961-01-29_1976.jpg,15,0.0,12
wiki_crop,41/26306441_1964-05-10_1980.jpg,16,0.0,12
wiki_crop,34/26372734_1999-05-05_2014.jpg,15,1.0,12
wiki_crop,55/26392255_1999-11-10_2014.jpg,15,0.0,12
wiki_crop,31/3632031_1941-03-31_1956.jpg,15,0.0,12
wiki_crop,49/36326349_1998-12-28_2012.jpg,14,1.0,12
wiki_crop,80/36347980_1997-01-20_2011.jpg,14,1.0,12
wiki_crop,25/36348025_1994-11-26_2012.jpg,18,0.0,12
wiki_crop,30/36348030_1996-07-25_2012.jpg,16,0.0,12
wiki_crop,32/36348032_1995-05-11_2012.jpg,17,0.0,12
wiki_crop,78/36348078_1994-01-04_2012.jpg,18,0.0,12
wiki_crop,08/36388508_1995-01-31_2011.jpg,16,0.0,12
wiki_crop,13/36388513_1996-02-29_2011.jpg,15,1.0,12
wiki_crop,18/36388518_1994-05-21_2012.jpg,18,1.0,12
wiki_crop,56/36388556_1996-01-12_2012.jpg,16,0.0,12
wiki_crop,60/36388560_1994-12-16_2012.jpg,18,1.0,12
wiki_crop,48/36397448_1995-06-18_2013.jpg,18,0.0,12
wiki_crop,65/46315965_1996-03-15_2014.jpg,18,1.0,12
wiki_crop,28/4634328_1944-02-26_1962.jpg,18,0.0,12
wiki_crop,28/46389828_1997-03-10_2014.jpg,17,0.0,12
wiki_crop,06/17349106_1998-01-28_2015.jpg,17,0.0,12
wiki_crop,12/27327412_1994-05-09_2012.jpg,18,1.0,12
wiki_crop,10/27333510_1997-08-16_2011.jpg,14,1.0,12
wiki_crop,44/27365744_1992-01-04_2010.jpg,18,0.0,12
wiki_crop,90/27367390_1997-01-11_2013.jpg,16,1.0,12
wiki_crop,61/37315161_1994-03-12_2012.jpg,18,1.0,12
wiki_crop,57/373157_1976-04-13_1993.jpg,17,1.0,12
wiki_crop,44/37333944_1993-10-02_2011.jpg,18,1.0,12
wiki_crop,23/37354723_1948-05-19_1966.jpg,18,0.0,12
wiki_crop,25/37399225_1953-04-29_1966.jpg,13,0.0,12
wiki_crop,76/6738276_1989-04-27_2006.jpg,17,0.0,12
wiki_crop,88/18310788_1993-01-22_2010.jpg,17,1.0,12
wiki_crop,22/28356622_1994-01-05_2009.jpg,15,0.0,12
wiki_crop,21/28376221_1994-04-08_2012.jpg,18,1.0,12
wiki_crop,66/38306166_1994-09-07_2012.jpg,18,0.0,12
wiki_crop,51/38344451_1994-01-06_2011.jpg,17,0.0,12
wiki_crop,28/38380028_1992-09-12_2010.jpg,18,0.0,12
wiki_crop,61/38387761_1994-10-23_2011.jpg,17,0.0,12
wiki_crop,03/5839203_1965-08-12_1983.jpg,18,0.0,12
wiki_crop,58/5839458_1964-01-07_1980.jpg,16,0.0,12
wiki_crop,29/39301329_1997-01-07_2015.jpg,18,1.0,12
wiki_crop,67/39308967_1997-09-30_2013.jpg,16,0.0,12
wiki_crop,04/3931304_1991-08-16_2009.jpg,18,0.0,12
wiki_crop,60/10477360_1946-08-14_1960.jpg,14,0.0,12
wiki_crop,63/3043463_1925-05-14_1943.jpg,18,0.0,12
wiki_crop,87/40479787_1997-02-05_2012.jpg,15,0.0,12
wiki_crop,09/40480109_1996-11-14_2014.jpg,18,1.0,12
wiki_crop,81/804581_1929-06-12_1942.jpg,13,0.0,12
wiki_crop,82/804582_1932-02-03_1943.jpg,11,0.0,10
wiki_crop,87/804587_1937-03-03_1949.jpg,12,1.0,11
wiki_crop,02/804602_1928-04-23_1944.jpg,16,0.0,12
wiki_crop,11/804611_1975-12-27_1982.jpg,7,0.0,6
wiki_crop,48/9048_1964-11-07_1979.jpg,15,0.0,12
wiki_crop,26/11470826_1994-12-03_2011.jpg,17,1.0,12
wiki_crop,47/21422847_1988-01-08_2005.jpg,17,0.0,12
wiki_crop,12/3142312_1986-09-27_2004.jpg,18,0.0,12
wiki_crop,79/41420879_1993-10-27_2008.jpg,15,0.0,12
wiki_crop,20/41427720_1997-06-17_2014.jpg,17,0.0,12
wiki_crop,53/41443953_1999-06-11_2015.jpg,16,0.0,12
wiki_crop,68/12494168_1966-12-18_1984.jpg,18,1.0,12
wiki_crop,74/22480174_1930-02-22_1946.jpg,16,1.0,12
wiki_crop,34/32434334_1993-06-03_2010.jpg,17,1.0,12
wiki_crop,17/32449617_1957-08-15_1973.jpg,16,0.0,12
wiki_crop,81/42420481_1995-09-17_2012.jpg,17,1.0,12
wiki_crop,52/42479052_1999-01-21_2015.jpg,16,0.0,12
wiki_crop,35/4248535_1988-08-18_2006.jpg,18,1.0,12
wiki_crop,42/42491942_2000-05-30_2014.jpg,14,1.0,12
wiki_crop,73/2343573_1965-04-03_1977.jpg,12,0.0,11
wiki_crop,57/234657_1957-05-26_1968.jpg,11,0.0,10
wiki_crop,77/23472677_1997-10-23_2013.jpg,16,0.0,12
wiki_crop,62/23491862_1926-01-23_1943.jpg,17,1.0,12
wiki_crop,06/33415006_1992-10-29_2010.jpg,18,1.0,12
wiki_crop,89/33419489_1994-03-07_2012.jpg,18,1.0,12
wiki_crop,88/43419288_1998-03-22_2014.jpg,16,0.0,12
wiki_crop,42/43422742_1998-06-26_2014.jpg,16,0.0,12
wiki_crop,33/43438833_1996-05-04_2014.jpg,18,1.0,12
wiki_crop,90/43454690_1996-10-22_2014.jpg,18,1.0,12
wiki_crop,87/43465987_1997-03-13_2014.jpg,17,1.0,12
wiki_crop,31/43476931_1997-05-21_2014.jpg,17,1.0,12
wiki_crop,28/43482428_1956-11-26_1973.jpg,17,1.0,12
wiki_crop,30/43484430_1999-10-01_2014.jpg,15,0.0,12
wiki_crop,61/8347061_1929-04-30_1947.jpg,18,1.0,12
wiki_crop,50/14485150_1992-02-17_2009.jpg,17,0.0,12
wiki_crop,36/144936_1999-01-18_2012.jpg,13,1.0,12
wiki_crop,15/24448515_1990-12-16_2008.jpg,18,0.0,12
wiki_crop,54/24449154_1989-09-01_2007.jpg,18,1.0,12
wiki_crop,91/24466191_1991-05-08_2009.jpg,18,1.0,12
wiki_crop,27/24479227_1992-03-18_2009.jpg,17,1.0,12
wiki_crop,33/2449433_1966-10-31_1982.jpg,16,0.0,12
wiki_crop,00/34465400_1935-09-25_1950.jpg,15,0.0,12
wiki_crop,97/34495497_1999-06-27_2015.jpg,16,1.0,12
wiki_crop,96/25408196_1996-11-18_2010.jpg,14,1.0,12
wiki_crop,44/25467044_1994-09-04_2010.jpg,16,0.0,12
wiki_crop,51/35425151_1998-01-04_2012.jpg,14,0.0,12
wiki_crop,86/35464686_1952-11-04_1968.jpg,16,1.0,12
wiki_crop,02/45430702_1998-11-02_2015.jpg,17,1.0,12
wiki_crop,89/45441389_1998-04-25_2015.jpg,17,0.0,12
wiki_crop,09/45465709_1996-03-21_2014.jpg,18,1.0,12
wiki_crop,25/16405225_1991-06-03_2009.jpg,18,0.0,12
wiki_crop,81/164481_1937-11-15_1955.jpg,18,1.0,12
wiki_crop,45/1644945_1937-07-21_1955.jpg,18,1.0,12
wiki_crop,44/16492744_1998-12-10_2012.jpg,14,0.0,12
wiki_crop,86/26413086_1996-03-25_2012.jpg,16,1.0,12
wiki_crop,49/264149_1955-06-15_1968.jpg,13,1.0,12
wiki_crop,38/2643538_1951-10-02_1969.jpg,18,0.0,12
wiki_crop,57/36411057_1994-07-18_2012.jpg,18,0.0,12
wiki_crop,86/36490486_1994-02-22_2012.jpg,18,0.0,12
wiki_crop,04/46493704_1998-05-12_2015.jpg,17,0.0,12
wiki_crop,68/5645868_1951-12-28_1967.jpg,16,1.0,12
wiki_crop,43/17499143_1992-07-28_2007.jpg,15,0.0,12
wiki_crop,27/3744027_1989-02-11_1995.jpg,6,0.0,5
wiki_crop,05/37463705_1962-06-10_1980.jpg,18,1.0,12
wiki_crop,86/37465686_1962-03-17_1978.jpg,16,0.0,12
wiki_crop,22/37472622_1952-08-22_1970.jpg,18,0.0,12
wiki_crop,05/37473205_1950-04-12_1968.jpg,18,0.0,12
wiki_crop,84/37483684_1994-08-11_2012.jpg,18,1.0,12
wiki_crop,82/5740882_1998-08-01_2010.jpg,12,1.0,11
wiki_crop,81/1841581_1991-02-16_2008.jpg,17,0.0,12
wiki_crop,95/18430895_1991-10-10_2009.jpg,18,0.0,12
wiki_crop,16/1843716_2002-07-22_2010.jpg,8,1.0,7
wiki_crop,42/28454742_1996-03-26_2013.jpg,17,0.0,12
wiki_crop,77/38404477_1995-07-12_2013.jpg,18,1.0,12
wiki_crop,49/38476049_1994-04-04_2012.jpg,18,0.0,12
wiki_crop,39/38476439_1975-04-18_1989.jpg,14,0.0,12
wiki_crop,83/38486283_1947-03-15_1964.jpg,17,0.0,12
wiki_crop,91/38495591_1952-03-30_1968.jpg,16,0.0,12
wiki_crop,25/19435825_1996-07-22_2013.jpg,17,0.0,12
wiki_crop,78/19481278_1963-04-11_1979.jpg,16,1.0,12
wiki_crop,95/29409395_1992-02-26_2010.jpg,18,0.0,12
wiki_crop,03/29460503_1992-03-10_2010.jpg,18,1.0,12
wiki_crop,18/29487318_1998-11-13_2013.jpg,15,1.0,12
wiki_crop,37/29492237_1995-05-12_2010.jpg,15,1.0,12
wiki_crop,02/39446202_1996-11-23_2014.jpg,18,0.0,12
wiki_crop,19/9941819_1996-02-07_2014.jpg,18,0.0,12
wiki_crop,44/20513644_1990-06-07_2008.jpg,18,1.0,12
wiki_crop,07/205707_1982-06-10_1998.jpg,16,0.0,12
wiki_crop,42/20574042_1998-08-25_2011.jpg,13,0.0,12
wiki_crop,09/30559709_1962-02-22_1979.jpg,17,0.0,12
wiki_crop,48/40530548_1999-03-05_2014.jpg,15,0.0,12
wiki_crop,79/40560779_1933-03-28_1951.jpg,18,1.0,12
wiki_crop,46/40599846_1953-02-24_1971.jpg,18,1.0,12
wiki_crop,30/11530_1976-07-09_1989.jpg,13,1.0,12
wiki_crop,60/21501560_1992-04-27_2010.jpg,18,0.0,12
wiki_crop,78/21511878_1991-01-22_2009.jpg,18,1.0,12
wiki_crop,57/21537157_1982-12-16_2000.jpg,18,0.0,12
wiki_crop,66/31547566_1999-04-09_2014.jpg,15,1.0,12
wiki_crop,32/31557732_1974-06-15_1990.jpg,16,1.0,12
wiki_crop,99/31567999_1992-06-07_2010.jpg,18,0.0,12
wiki_crop,34/41513434_1995-01-27_2012.jpg,17,0.0,12
wiki_crop,28/41515128_1990-07-12_2008.jpg,18,1.0,12
wiki_crop,86/41532986_1995-02-23_2012.jpg,17,0.0,12
wiki_crop,68/41545768_1991-07-24_2008.jpg,17,1.0,12
wiki_crop,75/41548375_1994-03-17_2012.jpg,18,1.0,12
wiki_crop,44/41586344_1989-02-16_2007.jpg,18,0.0,12
wiki_crop,01/41591601_2007-04-19_2015.jpg,8,1.0,7
wiki_crop,71/615871_1956-09-23_1970.jpg,14,1.0,12
wiki_crop,62/9159762_1993-04-16_2010.jpg,17,0.0,12
wiki_crop,40/22562040_1993-10-23_2010.jpg,17,0.0,12
wiki_crop,11/3253211_1997-02-10_2014.jpg,17,0.0,12
wiki_crop,06/3255806_1995-01-04_2007.jpg,12,0.0,11
wiki_crop,91/3259791_1940-07-04_1946.jpg,6,0.0,5
wiki_crop,62/42513162_1994-09-25_2011.jpg,17,1.0,12
wiki_crop,87/725887_1942-12-21_1960.jpg,18,0.0,12
wiki_crop,63/23536263_1991-01-27_2009.jpg,18,1.0,12
wiki_crop,14/33506114_2002-04-08_2011.jpg,9,0.0,8
wiki_crop,66/33509666_1997-01-24_2015.jpg,18,1.0,12
wiki_crop,06/33525706_1997-03-19_2012.jpg,15,0.0,12
wiki_crop,99/33528599_1994-11-01_2012.jpg,18,1.0,12
wiki_crop,02/33532902_1993-09-02_2011.jpg,18,0.0,12
wiki_crop,95/3354295_1995-07-09_2008.jpg,13,0.0,12
wiki_crop,07/33593307_1995-08-27_2012.jpg,17,1.0,12
wiki_crop,89/43520989_1997-07-07_2012.jpg,15,0.0,12
wiki_crop,39/43549539_1996-11-11_2014.jpg,18,1.0,12
wiki_crop,90/535890_1959-12-13_1972.jpg,13,1.0,12
wiki_crop,14/7353714_1989-06-15_2007.jpg,18,1.0,12
wiki_crop,26/9353926_1990-11-18_2008.jpg,18,0.0,12
wiki_crop,23/14590023_1969-03-16_1987.jpg,18,0.0,12
wiki_crop,92/34534292_1995-02-25_2012.jpg,17,1.0,12
wiki_crop,84/34534584_1995-08-18_2012.jpg,17,0.0,12
wiki_crop,91/34536091_1997-04-24_2013.jpg,16,0.0,12
wiki_crop,35/44514535_1948-12-02_1966.jpg,18,1.0,12
wiki_crop,82/44527482_1999-04-14_2015.jpg,16,0.0,12
wiki_crop,40/15511340_1957-12-23_1970.jpg,13,1.0,12
wiki_crop,70/25544670_1951-07-23_1969.jpg,18,1.0,12
wiki_crop,14/25579014_1993-03-20_2011.jpg,18,0.0,12
wiki_crop,41/25594041_2000-12-26_2012.jpg,12,1.0,11
wiki_crop,37/35537637_1953-03-28_1968.jpg,15,0.0,12
wiki_crop,45/35549645_1951-07-22_1969.jpg,18,0.0,12
wiki_crop,98/35576398_1995-07-31_2013.jpg,18,1.0,12
wiki_crop,98/45507898_1994-02-12_2012.jpg,18,1.0,12
wiki_crop,65/45511965_1994-12-15_2012.jpg,18,0.0,12
wiki_crop,54/45527554_1998-03-08_2015.jpg,17,0.0,12
wiki_crop,60/45591560_1997-11-15_2014.jpg,17,0.0,12
wiki_crop,86/1653786_1998-04-09_2014.jpg,16,0.0,12
wiki_crop,11/1657111_1965-06-24_1976.jpg,11,1.0,10
wiki_crop,71/165871_1942-09-30_1950.jpg,8,1.0,7
wiki_crop,30/26508230_1991-01-16_2009.jpg,18,0.0,12
wiki_crop,87/26521287_1992-03-04_2010.jpg,18,1.0,12
wiki_crop,06/26546706_1991-09-19_2009.jpg,18,1.0,12
wiki_crop,43/26572643_1996-06-12_2010.jpg,14,0.0,12
wiki_crop,37/36549437_1995-05-27_2012.jpg,17,1.0,12
wiki_crop,86/36589086_1996-04-21_2012.jpg,16,0.0,12
wiki_crop,18/36594618_1998-11-03_2012.jpg,14,0.0,12
wiki_crop,06/46507206_1997-07-12_2014.jpg,17,0.0,12
wiki_crop,88/46510488_1998-01-01_2009.jpg,11,1.0,10
wiki_crop,14/17516514_1993-02-14_2011.jpg,18,1.0,12
wiki_crop,69/17516969_1992-12-03_2009.jpg,17,0.0,12
wiki_crop,89/27555589_1993-01-18_2010.jpg,17,0.0,12
wiki_crop,36/37537936_1996-09-23_2013.jpg,17,0.0,12
wiki_crop,97/1857797_1989-10-04_2007.jpg,18,0.0,12
wiki_crop,07/18592807_1992-04-24_2007.jpg,15,1.0,12
wiki_crop,11/28561811_1992-09-15_2010.jpg,18,0.0,12
wiki_crop,31/28577831_1991-02-11_2008.jpg,17,0.0,12
wiki_crop,72/38542972_1938-04-16_1956.jpg,18,1.0,12
wiki_crop,33/38554033_1958-04-18_1972.jpg,14,0.0,12
wiki_crop,21/38560821_1962-11-29_1979.jpg,17,0.0,12
wiki_crop,15/685715_1981-10-10_1990.jpg,9,1.0,8
wiki_crop,59/1951659_1991-04-10_2007.jpg,16,0.0,12
wiki_crop,30/19540030_1990-11-14_2008.jpg,18,0.0,12
wiki_crop,68/2952468_1966-12-19_1982.jpg,16,1.0,12
wiki_crop,46/29551546_1995-09-05_2012.jpg,17,0.0,12
wiki_crop,51/29551_1927-11-02_1945.jpg,18,1.0,12
wiki_crop,19/395119_2003-12-07_2013.jpg,10,0.0,9
wiki_crop,06/3956606_1963-07-23_1980.jpg,17,1.0,12
wiki_crop,71/39568371_1949-08-26_1960.jpg,11,0.0,10
wiki_crop,96/206996_1949-09-19_1967.jpg,18,0.0,12
wiki_crop,93/40606793_1996-11-22_2012.jpg,16,0.0,12
wiki_crop,59/40628359_1996-08-15_2013.jpg,17,1.0,12
wiki_crop,02/40629802_1995-03-22_2013.jpg,18,1.0,12
wiki_crop,17/40630917_1995-06-30_2013.jpg,18,1.0,12
wiki_crop,01/31698301_1993-03-27_2010.jpg,17,1.0,12
wiki_crop,12/41637212_1994-11-26_2012.jpg,18,0.0,12
wiki_crop,47/41641747_1994-01-20_2012.jpg,18,1.0,12
wiki_crop,87/41667587_1996-09-19_2014.jpg,18,0.0,12
wiki_crop,72/2263372_1987-08-06_2005.jpg,18,1.0,12
wiki_crop,79/32649379_1992-10-10_2010.jpg,18,0.0,12
wiki_crop,79/32692379_1996-01-22_2014.jpg,18,0.0,12
wiki_crop,28/13619028_1994-12-17_2012.jpg,18,1.0,12
wiki_crop,79/23669579_1997-12-21_2012.jpg,15,1.0,12
wiki_crop,98/23680998_1994-03-01_2012.jpg,18,1.0,12
wiki_crop,88/33614188_1993-11-18_2011.jpg,18,0.0,12
wiki_crop,10/33657610_1995-09-25_2012.jpg,17,1.0,12
wiki_crop,96/33688696_1994-11-24_2012.jpg,18,1.0,12
wiki_crop,59/336959_1922-11-14_1940.jpg,18,0.0,12
wiki_crop,94/33697694_1995-01-13_2012.jpg,17,0.0,12
wiki_crop,74/43637774_1997-02-12_2015.jpg,18,1.0,12
wiki_crop,92/24626692_1996-02-01_2013.jpg,17,0.0,12
wiki_crop,36/24648736_1991-08-06_2009.jpg,18,0.0,12
wiki_crop,50/24694850_1957-06-26_1974.jpg,17,1.0,12
wiki_crop,84/34607084_1995-06-21_2012.jpg,17,0.0,12
wiki_crop,70/15646870_1962-01-24_1980.jpg,18,0.0,12
wiki_crop,73/25638773_1993-07-02_2010.jpg,17,0.0,12
wiki_crop,37/3562237_1965-09-16_1977.jpg,12,0.0,11
wiki_crop,44/35636344_1996-01-23_2012.jpg,16,0.0,12
wiki_crop,57/35652957_1938-05-21_1941.jpg,3,1.0,2
wiki_crop,17/26647217_1991-05-20_2009.jpg,18,1.0,12
wiki_crop,12/26658712_1954-05-28_1970.jpg,16,1.0,12
wiki_crop,14/36633114_2003-04-09_2013.jpg,10,1.0,9
wiki_crop,96/36687596_1995-04-20_2012.jpg,17,1.0,12
wiki_crop,18/766618_1989-03-25_2007.jpg,18,0.0,12
wiki_crop,64/1769364_2001-10-25_2014.jpg,13,0.0,12
wiki_crop,68/2769168_1999-11-14_2015.jpg,16,1.0,12
wiki_crop,26/37641326_1997-01-13_2015.jpg,18,1.0,12
wiki_crop,18/37658218_1955-11-15_1973.jpg,18,1.0,12
wiki_crop,91/37675291_1954-07-20_1972.jpg,18,0.0,12
wiki_crop,98/37681098_1993-01-03_2011.jpg,18,1.0,12
wiki_crop,81/37696581_2005-07-25_2009.jpg,4,1.0,3
wiki_crop,67/7769667_1944-06-09_1961.jpg,17,0.0,12
wiki_crop,49/8763649_1994-02-08_2010.jpg,16,0.0,12
wiki_crop,30/18662230_1991-04-03_2009.jpg,18,1.0,12
wiki_crop,30/18694830_1992-07-25_2007.jpg,15,0.0,12
wiki_crop,62/2864262_1963-10-10_1981.jpg,18,0.0,12
wiki_crop,54/28656454_1994-03-10_2010.jpg,16,1.0,12
wiki_crop,70/28694170_1994-03-26_2012.jpg,18,0.0,12
wiki_crop,84/38635984_1995-01-01_2011.jpg,16,1.0,12
wiki_crop,92/38659992_1997-03-14_2014.jpg,17,0.0,12
wiki_crop,86/38679286_1997-03-06_2013.jpg,16,1.0,12
wiki_crop,09/4862609_1962-09-23_1980.jpg,18,0.0,12
wiki_crop,12/5869212_1954-02-17_1972.jpg,18,1.0,12
wiki_crop,62/9865862_1989-01-23_2007.jpg,18,0.0,12
wiki_crop,08/1968808_1989-01-13_2005.jpg,16,0.0,12
wiki_crop,45/39634645_1998-12-11_2013.jpg,15,0.0,12
wiki_crop,84/39652284_1943-08-12_1961.jpg,18,0.0,12
wiki_crop,07/3967507_1937-07-14_1954.jpg,17,1.0,12
wiki_crop,85/7961085_1943-03-07_1961.jpg,18,1.0,12
wiki_crop,60/10705060_1989-04-01_2007.jpg,18,1.0,12
wiki_crop,83/20757383_1946-11-25_1960.jpg,14,1.0,12
wiki_crop,09/20777309_1944-04-17_1962.jpg,18,1.0,12
wiki_crop,74/20783674_1992-02-05_2009.jpg,17,0.0,12
wiki_crop,99/30740499_1993-03-15_2011.jpg,18,0.0,12
wiki_crop,24/30783924_1996-03-19_2011.jpg,15,1.0,12
wiki_crop,21/40714121_1996-10-07_2013.jpg,17,0.0,12
wiki_crop,64/40750764_1995-03-21_2013.jpg,18,1.0,12
wiki_crop,08/40782608_1996-08-26_2014.jpg,18,0.0,12
wiki_crop,40/70740_1938-04-20_1950.jpg,12,0.0,11
wiki_crop,60/7075860_1998-07-24_2013.jpg,15,0.0,12
wiki_crop,12/7079612_1992-06-26_2010.jpg,18,0.0,12
wiki_crop,81/11754281_1995-09-27_2007.jpg,12,1.0,11
wiki_crop,73/21741673_1995-03-01_2009.jpg,14,1.0,12
wiki_crop,85/217685_1937-01-04_1950.jpg,13,0.0,12
wiki_crop,65/31792565_1991-10-25_2009.jpg,18,0.0,12
wiki_crop,05/41720805_1997-05-03_2013.jpg,16,0.0,12
wiki_crop,58/41735958_1996-02-14_2014.jpg,18,1.0,12
wiki_crop,04/41748004_1998-04-26_2014.jpg,16,1.0,12
wiki_crop,03/41750003_1997-10-23_2015.jpg,18,1.0,12
wiki_crop,13/41758713_1997-09-30_2014.jpg,17,1.0,12
wiki_crop,16/41787216_1996-01-05_2014.jpg,18,1.0,12
wiki_crop,89/41790189_1995-08-03_2013.jpg,18,1.0,12
wiki_crop,56/12780956_1992-05-07_2009.jpg,17,1.0,12
wiki_crop,92/22775392_1994-09-06_2010.jpg,16,1.0,12
wiki_crop,70/32730470_1997-05-12_2014.jpg,17,0.0,12
wiki_crop,87/32780487_1996-03-06_2013.jpg,17,1.0,12
wiki_crop,34/42708434_1996-03-11_2013.jpg,17,1.0,12
wiki_crop,01/42718901_1995-06-11_2012.jpg,17,0.0,12
wiki_crop,74/42730974_1996-01-22_2014.jpg,18,1.0,12
wiki_crop,75/42758275_2004-03-27_2014.jpg,10,0.0,9
wiki_crop,82/42794782_1997-10-24_2015.jpg,18,0.0,12
wiki_crop,25/727925_1982-07-25_2000.jpg,18,1.0,12
wiki_crop,15/9271515_1997-10-08_2014.jpg,17,0.0,12
wiki_crop,83/43764683_1997-03-29_2014.jpg,17,0.0,12
wiki_crop,88/43780888_1996-10-05_2014.jpg,18,1.0,12
wiki_crop,41/14704241_1945-01-31_1963.jpg,18,0.0,12
wiki_crop,47/14706147_1965-05-18_1980.jpg,15,0.0,12
wiki_crop,63/14763763_1998-02-15_2011.jpg,13,1.0,12
wiki_crop,77/14767977_1938-12-28_1950.jpg,12,1.0,11
wiki_crop,89/1479589_1962-02-11_1973.jpg,11,1.0,10
wiki_crop,01/24703501_1995-04-15_2009.jpg,14,0.0,12
wiki_crop,87/24733687_1993-05-18_2011.jpg,18,0.0,12
wiki_crop,80/24736480_1996-05-05_2010.jpg,14,0.0,12
wiki_crop,92/24762792_1949-11-07_1964.jpg,15,1.0,12
wiki_crop,46/34711046_1997-09-06_2012.jpg,15,0.0,12
wiki_crop,76/34741876_1993-01-02_2011.jpg,18,1.0,12
wiki_crop,60/34767260_1994-09-29_2012.jpg,18,0.0,12
wiki_crop,83/34785983_1995-04-20_2012.jpg,17,1.0,12
wiki_crop,97/9473497_1994-05-21_2012.jpg,18,1.0,12
wiki_crop,82/9478182_1942-11-29_1960.jpg,18,0.0,12
wiki_crop,81/25721681_1998-10-28_2015.jpg,17,1.0,12
wiki_crop,74/25740774_1991-11-04_2009.jpg,18,1.0,12
wiki_crop,16/35716516_1942-05-12_1959.jpg,17,0.0,12
wiki_crop,10/35716710_1955-06-30_1971.jpg,16,0.0,12
wiki_crop,54/35716954_1955-05-04_1971.jpg,16,0.0,12
wiki_crop,63/35721163_1945-03-03_1963.jpg,18,0.0,12
wiki_crop,03/35724503_1948-09-19_1966.jpg,18,0.0,12
wiki_crop,53/35724653_1949-12-18_1966.jpg,17,0.0,12
wiki_crop,87/35724687_1957-11-18_1974.jpg,17,0.0,12
wiki_crop,51/35724851_1945-10-09_1963.jpg,18,0.0,12
wiki_crop,73/35726873_1959-01-15_1977.jpg,18,1.0,12
wiki_crop,96/35727596_1948-01-30_1966.jpg,18,1.0,12
wiki_crop,93/457893_1993-08-11_2008.jpg,15,0.0,12
wiki_crop,63/9576863_1999-10-15_2015.jpg,16,0.0,12
wiki_crop,10/167310_1943-02-06_1959.jpg,16,1.0,12
wiki_crop,95/26719995_1994-09-30_2012.jpg,18,0.0,12
wiki_crop,05/36702105_1994-10-24_2012.jpg,18,1.0,12
wiki_crop,26/36704226_1994-06-28_2012.jpg,18,0.0,12
wiki_crop,65/36709565_1941-05-14_1955.jpg,14,0.0,12
wiki_crop,69/36717069_1995-07-05_2012.jpg,17,0.0,12
wiki_crop,87/36727487_1996-11-12_2011.jpg,15,0.0,12
wiki_crop,33/36748433_1995-06-30_2013.jpg,18,1.0,12
wiki_crop,92/3677192_1955-09-30_1970.jpg,15,1.0,12
wiki_crop,52/36791152_1999-05-11_2015.jpg,16,0.0,12
wiki_crop,44/5670144_1961-08-13_1979.jpg,18,0.0,12
wiki_crop,26/17717526_1991-01-20_2009.jpg,18,0.0,12
wiki_crop,15/27794815_1995-01-24_2012.jpg,17,1.0,12
wiki_crop,38/37738938_2005-10-17_2012.jpg,7,1.0,6
wiki_crop,10/37744510_1996-10-29_2012.jpg,16,0.0,12
wiki_crop,84/37796484_1997-07-06_2013.jpg,16,0.0,12
wiki_crop,66/37799366_1995-01-06_2013.jpg,18,1.0,12
wiki_crop,81/4774181_1927-02-25_1943.jpg,16,1.0,12
wiki_crop,83/18725383_1999-05-28_2011.jpg,12,1.0,11
wiki_crop,33/1872933_1993-06-09_2008.jpg,15,0.0,12
wiki_crop,37/18784837_1994-11-11_2008.jpg,14,0.0,12
wiki_crop,68/28735868_1932-09-21_1946.jpg,14,1.0,12
wiki_crop,29/28745929_1993-03-29_2011.jpg,18,1.0,12
wiki_crop,59/28753159_1996-09-01_2013.jpg,17,0.0,12
wiki_crop,07/2879607_1958-10-25_1973.jpg,15,0.0,12
wiki_crop,91/5870091_1954-04-05_1968.jpg,14,1.0,12
wiki_crop,19/58719_1922-06-10_1940.jpg,18,0.0,12
wiki_crop,75/5879075_1988-07-17_2005.jpg,17,0.0,12
wiki_crop,70/887870_1923-01-01_1941.jpg,18,0.0,12
wiki_crop,30/19702430_1997-04-01_2014.jpg,17,1.0,12
wiki_crop,94/29761194_1994-09-23_2011.jpg,17,1.0,12
wiki_crop,91/39763491_1997-02-08_2014.jpg,17,0.0,12
wiki_crop,95/5973195_1954-10-17_1971.jpg,17,1.0,12
wiki_crop,37/5973237_1956-04-02_1972.jpg,16,0.0,12
wiki_crop,78/5973378_1956-08-23_1971.jpg,15,0.0,12
wiki_crop,97/5973497_1955-05-02_1971.jpg,16,0.0,12
wiki_crop,12/5973712_1951-09-29_1968.jpg,17,0.0,12
wiki_crop,33/10818133_2007-04-21_2010.jpg,3,0.0,2
wiki_crop,32/10824832_1947-08-09_1960.jpg,13,1.0,12
wiki_crop,10/10862310_1964-06-20_1977.jpg,13,1.0,12
wiki_crop,96/20810796_1995-09-27_2009.jpg,14,0.0,12
wiki_crop,68/2083168_1954-11-30_1971.jpg,17,0.0,12
wiki_crop,69/2083269_1990-02-11_2004.jpg,14,0.0,12
wiki_crop,96/20871496_1996-07-01_2013.jpg,17,0.0,12
wiki_crop,04/308404_1947-10-09_1965.jpg,18,0.0,12
wiki_crop,07/40826007_1996-05-31_2014.jpg,18,1.0,12
wiki_crop,88/2181688_1924-01-26_1940.jpg,16,0.0,12
wiki_crop,09/21881809_1997-08-10_2015.jpg,18,0.0,12
wiki_crop,81/31859681_1922-03-21_1940.jpg,18,1.0,12
wiki_crop,08/41843508_1996-01-27_2014.jpg,18,1.0,12
wiki_crop,71/41879271_1999-12-13_2014.jpg,15,1.0,12
wiki_crop,60/41890860_1994-02-12_2012.jpg,18,1.0,12
wiki_crop,31/41891331_1996-07-30_2013.jpg,17,0.0,12
wiki_crop,72/22817372_1933-01-08_1950.jpg,17,0.0,12
wiki_crop,49/22831749_1952-09-16_1967.jpg,15,0.0,12
wiki_crop,72/22837872_1995-05-14_2010.jpg,15,1.0,12
wiki_crop,28/22856228_1992-11-21_2009.jpg,17,0.0,12
wiki_crop,97/22891197_1991-01-10_2009.jpg,18,0.0,12
wiki_crop,80/32821480_1998-09-28_2011.jpg,13,0.0,12
wiki_crop,47/32834047_1995-12-09_2012.jpg,17,0.0,12
wiki_crop,56/32834856_1995-01-06_2011.jpg,16,1.0,12
wiki_crop,63/32885763_1990-02-26_2007.jpg,17,0.0,12
wiki_crop,82/42811282_1998-05-15_2015.jpg,17,1.0,12
wiki_crop,63/42852163_1997-08-09_2014.jpg,17,1.0,12
wiki_crop,90/42884490_1995-05-04_2013.jpg,18,1.0,12
wiki_crop,04/528704_1933-02-14_1949.jpg,16,0.0,12
wiki_crop,32/23814332_1990-02-21_2007.jpg,17,1.0,12
wiki_crop,01/23819601_1995-01-09_2012.jpg,17,0.0,12
wiki_crop,52/43830652_1993-09-01_2011.jpg,18,1.0,12
wiki_crop,72/43879472_1995-08-24_2013.jpg,18,1.0,12
wiki_crop,14/9385614_1989-07-01_2007.jpg,18,1.0,12
wiki_crop,76/24818976_1987-07-30_2005.jpg,18,0.0,12
wiki_crop,76/24896876_2004-01-10_2009.jpg,5,0.0,4
wiki_crop,27/34853027_2012-02-23_2013.jpg,1,0.0,0
wiki_crop,91/1584891_1945-04-13_1961.jpg,16,1.0,12
wiki_crop,01/25837101_1991-06-29_2009.jpg,18,1.0,12
wiki_crop,04/25897204_1962-05-25_1977.jpg,15,1.0,12
wiki_crop,52/35814152_1997-03-21_2014.jpg,17,0.0,12
wiki_crop,76/35826676_1994-12-23_2011.jpg,17,0.0,12
wiki_crop,42/35881942_1994-03-19_2012.jpg,18,1.0,12
wiki_crop,27/6582027_1994-04-11_2012.jpg,18,0.0,12
wiki_crop,07/2684507_1962-02-12_1980.jpg,18,0.0,12
wiki_crop,12/36818612_1999-01-06_2013.jpg,14,0.0,12
wiki_crop,49/36824749_1997-10-03_2012.jpg,15,1.0,12
wiki_crop,08/36855108_1993-09-21_2011.jpg,18,1.0,12
wiki_crop,46/36855646_1994-01-28_2012.jpg,18,1.0,12
wiki_crop,03/36859103_1964-10-08_1980.jpg,16,0.0,12
wiki_crop,70/36860270_1950-09-30_1966.jpg,16,0.0,12
wiki_crop,78/36890678_1955-04-19_1970.jpg,15,0.0,12
wiki_crop,00/36895700_1970-11-09_1985.jpg,15,0.0,12
wiki_crop,04/46833104_1998-02-19_2014.jpg,16,0.0,12
wiki_crop,34/17814934_1991-02-19_2009.jpg,18,1.0,12
wiki_crop,80/1783180_2000-10-31_2011.jpg,11,0.0,10
wiki_crop,20/27862320_1993-11-26_2010.jpg,17,1.0,12
wiki_crop,83/27899683_1995-02-13_2008.jpg,13,0.0,12
wiki_crop,83/37826383_1995-06-14_2013.jpg,18,1.0,12
wiki_crop,03/97803_1991-04-04_2007.jpg,16,0.0,12
wiki_crop,82/1880882_1960-04-18_1969.jpg,9,1.0,8
wiki_crop,54/18816254_1957-03-17_1973.jpg,16,0.0,12
wiki_crop,72/1882672_1960-11-06_1977.jpg,17,1.0,12
wiki_crop,78/1888578_1946-03-26_1959.jpg,13,1.0,12
wiki_crop,20/28878420_1998-03-24_2010.jpg,12,0.0,11
wiki_crop,37/28885037_1993-10-04_2010.jpg,17,1.0,12
wiki_crop,20/38824020_1993-02-27_2011.jpg,18,1.0,12
wiki_crop,01/38896201_2000-12-26_2014.jpg,14,1.0,12
wiki_crop,29/1987429_1923-08-21_1941.jpg,18,1.0,12
wiki_crop,08/19890208_1959-10-22_1976.jpg,17,0.0,12
wiki_crop,61/29862961_1992-10-12_2010.jpg,18,1.0,12
wiki_crop,57/29893257_2002-05-06_2012.jpg,10,0.0,9
wiki_crop,43/39837343_1954-04-12_1966.jpg,12,0.0,11
wiki_crop,72/39868672_1997-06-26_2014.jpg,17,0.0,12
wiki_crop,24/10966524_1988-04-07_2006.jpg,18,1.0,12
wiki_crop,42/20988042_1991-01-15_2008.jpg,17,0.0,12
wiki_crop,26/11991626_1990-03-06_2007.jpg,17,0.0,12
wiki_crop,32/31947232_1999-01-18_2011.jpg,12,1.0,11
wiki_crop,89/31972689_1998-08-08_2013.jpg,15,1.0,12
wiki_crop,44/41995244_1996-01-05_2012.jpg,16,1.0,12
wiki_crop,43/12930543_1956-03-17_1971.jpg,15,1.0,12
wiki_crop,36/12943536_1935-01-15_1952.jpg,17,0.0,12
wiki_crop,76/12964276_1996-11-07_2014.jpg,18,0.0,12
wiki_crop,69/22919069_1992-03-27_2010.jpg,18,1.0,12
wiki_crop,77/22998777_1990-02-28_2008.jpg,18,1.0,12
wiki_crop,87/32994287_1995-09-20_2012.jpg,17,1.0,12
wiki_crop,20/32998520_1995-03-21_2013.jpg,18,1.0,12
wiki_crop,53/42923353_1997-01-10_2015.jpg,18,1.0,12
wiki_crop,29/42941729_1932-03-04_1950.jpg,18,0.0,12
wiki_crop,14/42955114_1993-04-12_2011.jpg,18,1.0,12
wiki_crop,23/8290823_1989-06-02_2007.jpg,18,1.0,12
wiki_crop,33/9292133_1992-06-12_2007.jpg,15,0.0,12
wiki_crop,99/13983999_1992-01-15_2009.jpg,17,1.0,12
wiki_crop,90/23941290_2001-06-21_2009.jpg,8,0.0,7
wiki_crop,96/33907196_1995-03-13_2012.jpg,17,0.0,12
wiki_crop,07/33947707_1995-12-29_2013.jpg,18,1.0,12
wiki_crop,07/33950407_1998-05-18_2015.jpg,17,0.0,12
wiki_crop,20/33953720_1994-12-17_2001.jpg,7,0.0,6
wiki_crop,58/33983258_1997-07-12_2014.jpg,17,0.0,12
wiki_crop,16/43973016_2000-05-23_2014.jpg,14,1.0,12
wiki_crop,51/8394551_1998-07-08_2009.jpg,11,1.0,10
wiki_crop,84/1491684_1962-01-14_1978.jpg,16,0.0,12
wiki_crop,89/14920689_1955-03-27_1972.jpg,17,1.0,12
wiki_crop,24/14927324_1925-03-28_1940.jpg,15,0.0,12
wiki_crop,20/14963020_1990-07-30_2008.jpg,18,1.0,12
wiki_crop,35/24920435_1991-01-11_2009.jpg,18,1.0,12
wiki_crop,59/24960259_1991-04-17_2008.jpg,17,1.0,12
wiki_crop,31/24965731_1992-06-27_2010.jpg,18,0.0,12
wiki_crop,30/24972730_2000-04-09_2013.jpg,13,0.0,12
wiki_crop,34/34952134_1995-08-04_2012.jpg,17,0.0,12
wiki_crop,89/34991289_1996-05-09_2014.jpg,18,0.0,12
wiki_crop,62/3499662_1949-01-17_1965.jpg,16,0.0,12
wiki_crop,28/44945628_1949-02-10_1967.jpg,18,0.0,12
wiki_crop,90/44990_1971-12-06_1989.jpg,18,1.0,12
wiki_crop,08/5498308_1992-03-17_2009.jpg,17,0.0,12
wiki_crop,62/849062_1934-01-11_1950.jpg,16,1.0,12
wiki_crop,99/15958799_1937-01-11_1952.jpg,15,0.0,12
wiki_crop,34/25905034_1992-04-05_2009.jpg,17,0.0,12
wiki_crop,53/25929453_1993-10-19_2011.jpg,18,0.0,12
wiki_crop,78/25994278_1992-03-21_2010.jpg,18,0.0,12
wiki_crop,79/35961079_1996-02-01_2013.jpg,17,1.0,12
wiki_crop,08/35973708_1997-01-08_2013.jpg,16,1.0,12
wiki_crop,43/36925843_1948-01-20_1966.jpg,18,0.0,12
wiki_crop,75/36927675_2001-05-05_2015.jpg,14,0.0,12
wiki_crop,54/36964854_1996-09-06_2014.jpg,18,0.0,12
wiki_crop,53/36968553_1995-01-16_2012.jpg,17,1.0,12
wiki_crop,07/36972807_1949-05-14_1966.jpg,17,1.0,12
wiki_crop,28/36987328_1957-07-12_1970.jpg,13,1.0,12
wiki_crop,30/36994830_1997-03-10_2014.jpg,17,0.0,12
wiki_crop,27/4692927_1949-03-08_1967.jpg,18,0.0,12
wiki_crop,00/46948500_1994-10-08_2012.jpg,18,1.0,12
wiki_crop,58/5695158_1994-04-18_2010.jpg,16,1.0,12
wiki_crop,52/5697752_1994-02-14_2012.jpg,18,0.0,12
wiki_crop,84/6697484_1989-12-11_2007.jpg,18,0.0,12
wiki_crop,43/27937943_1992-09-30_2010.jpg,18,0.0,12
wiki_crop,65/27954865_1952-12-14_1970.jpg,18,0.0,12
wiki_crop,82/37901082_1995-01-12_2012.jpg,17,1.0,12
wiki_crop,43/37904243_1994-04-22_2009.jpg,15,1.0,12
wiki_crop,22/37937622_1996-09-20_2012.jpg,16,0.0,12
wiki_crop,50/18998550_1992-05-30_2009.jpg,17,0.0,12
wiki_crop,25/28924225_1998-08-25_2013.jpg,15,1.0,12
wiki_crop,38/28980938_1994-12-09_2010.jpg,16,1.0,12
wiki_crop,54/38941354_1994-02-01_2009.jpg,15,0.0,12
wiki_crop,62/38984162_1997-10-20_2015.jpg,18,1.0,12
wiki_crop,25/39935325_1991-05-11_2008.jpg,17,0.0,12
wiki_crop,11/39936311_1996-01-20_2014.jpg,18,1.0,12
wiki_crop,76/39937376_1995-02-15_2013.jpg,18,0.0,12
wiki_crop,17/39982917_1997-04-08_2012.jpg,15,1.0,12
wiki_crop,26/39996426_1998-07-07_2014.jpg,16,1.0,12
